{"stat.useItem.minecraft.splash_potion":659,"stat.walkOneCm":113145,"stat.useItem.minecraft.torch":237,"stat.useItem.minecraft.stone":4,"stat.leaveGame":2,"stat.useItem.minecraft.iron_block":1,"stat.killEntity.Slime":118,"stat.killEntity.Spider":3,"stat.useItem.minecraft.stone_pressure_plate":2,"stat.mobKills":123,"stat.killEntity.Creeper":1,"stat.useItem.minecraft.diamond_sword":7,"stat.pickup.minecraft.string":1,"stat.flyOneCm":886582,"stat.drop.minecraft.bedrock":1,"stat.useItem.minecraft.bedrock":437,"stat.drop":4,"stat.jump":465,"stat.pickup.minecraft.bedrock":1,"stat.playOneMinute":195987,"stat.useItem.minecraft.planks":1295,"stat.drop.minecraft.string":1,"stat.pickup.minecraft.torch":1,"stat.sneakTime":4932,"stat.pickup.minecraft.slime_ball":20,"stat.damageDealt":310,"stat.pickup.minecraft.porkchop":2,"stat.crouchOneCm":5037,"stat.timeSinceDeath":195987,"stat.useItem.minecraft.dirt":39,"stat.sprintOneCm":64182,"stat.killEntity.Pig":1,"stat.drop.minecraft.stone_pressure_plate":1,"stat.drop.minecraft.slime_ball":10}