{"stat.useItem.minecraft.command_block":9,"stat.walkOneCm":257154,"stat.useItem.minecraft.torch":267,"stat.pickup.minecraft.sign":1,"stat.leaveGame":4,"stat.killEntity.Slime":15,"stat.pickup.minecraft.redstone_block":1180,"stat.pickup.minecraft.string":2,"stat.drop.minecraft.bedrock":2,"stat.useItem.minecraft.bedrock":658,"stat.jump":226,"stat.pickup.minecraft.bedrock":3,"stat.useItem.minecraft.planks":532,"stat.fallOneCm":484,"stat.useItem.minecraft.redstone_block":18,"stat.useItem.minecraft.dirt":3,"stat.sprintOneCm":9251,"stat.pickup.minecraft.wooden_door":1,"stat.pickup.minecraft.grass":1,"stat.damageTaken":240,"stat.useItem.minecraft.wooden_button":1,"stat.mobKills":15,"stat.useItem.minecraft.wooden_pressure_plate":2,"stat.pickup.minecraft.planks":1,"stat.useItem.minecraft.wooden_door":5,"stat.flyOneCm":933170,"stat.deaths":1,"stat.drop":2,"stat.playOneMinute":307692,"stat.pickup.minecraft.torch":1,"stat.entityKilledBy.Slime":1,"stat.sneakTime":115,"stat.pickup.minecraft.slime_ball":13,"stat.damageDealt":700,"stat.timeSinceDeath":130239,"stat.useItem.minecraft.sign":24}