{
  "last": "Default",
  "backgroundType": "DEFAULT",
  "commonDirType": "DEFAULT",
  "commonpath": "",
  "hasProxy": false,
  "hasProxyAuth": false,
  "proxyType": "HTTP",
  "proxyPort": 0,
  "width": 834.0,
  "height": 514.0,
  "theme": "#5c6bc0",
  "localization": "def",
  "downloadType": "bmclapi",
  "configurations": {
    "Default": {
      "global": {
        "usesGlobal": true,
        "javaArgs": "",
        "minecraftArgs": "",
        "permSize": "",
        "width": 854,
        "height": 480,
        "javaDir": "",
        "precalledCommand": "",
        "serverIp": "",
        "java": "Default",
        "wrapper": "",
        "fullscreen": false,
        "noJVMArgs": false,
        "notCheckGame": false,
        "notCheckJVM": false,
        "showLogs": false,
        "gameDir": "",
        "launcherVisibility": 1,
        "gameDirType": 0,
        "defaultJavaPath": ""
      },
      "gameDir": ".minecraft",
      "useRelativePath": true,
      "selectedMinecraftVersion": "1.12.2"
    },
    "Home": {
      "global": {
        "usesGlobal": false,
        "javaArgs": "",
        "minecraftArgs": "",
        "permSize": "",
        "width": 854,
        "height": 480,
        "javaDir": "",
        "precalledCommand": "",
        "serverIp": "",
        "java": "",
        "wrapper": "",
        "fullscreen": false,
        "noJVMArgs": false,
        "notCheckGame": false,
        "notCheckJVM": false,
        "showLogs": false,
        "gameDir": "",
        "launcherVisibility": 1,
        "gameDirType": 0,
        "defaultJavaPath": ""
      },
      "gameDir": "",
      "useRelativePath": false,
      "selectedMinecraftVersion": ""
    }
  },
  "fontFamily": "Consolas",
  "fontSize": 12.0,
  "logLines": 100,
  "authlibInjectorServers": [],
  "updateChannel": "STABLE",
  "_version": 0,
  "uiVersion": 0
}